{"cameraMode":{"drawMode":0,"name":"Shaded","section":"Shading Mode"},"sceneLighting":false,"audioPlay":false,"sceneViewState":{"showFog":true,"showMaterialUpdate":false,"showSkybox":false,"showFlares":true,"showImageEffects":true,"showParticleSystems":true},"in2DMode":false,"pivot":{"x":-0.9176474213600159,"y":3.9007668495178224,"z":-52.442665100097659},"rotation":{"x":0.024108940735459329,"y":0.5082934498786926,"z":0.0004648535104934126,"w":-0.8620778322219849},"size":2.5424318313598635,"orthographic":false}