{"cameraMode":{"drawMode":0,"name":"Shaded","section":"Shading Mode"},"sceneLighting":false,"audioPlay":false,"sceneViewState":{"showFog":true,"showMaterialUpdate":false,"showSkybox":false,"showFlares":true,"showImageEffects":true,"showParticleSystems":true},"in2DMode":false,"pivot":{"x":0.12183427810668946,"y":7.390840530395508,"z":-9.145755767822266},"rotation":{"x":-0.11964437365531922,"y":0.547973096370697,"z":-0.07985248416662216,"w":-0.8243222236633301},"size":15.007664680480957,"orthographic":false}