{"cameraMode":{"drawMode":0,"name":"Shaded","section":"Shading Mode"},"sceneLighting":false,"audioPlay":false,"sceneViewState":{"showFog":true,"showMaterialUpdate":false,"showSkybox":false,"showFlares":true,"showImageEffects":true,"showParticleSystems":true},"in2DMode":false,"pivot":{"x":0.376434326171875,"y":13.819999694824219,"z":-2.8850603103637697},"rotation":{"x":-0.059296607971191409,"y":-0.5385358333587647,"z":0.03803001716732979,"w":-0.8396743535995483},"size":2.623537063598633,"orthographic":false}