{"cameraMode":{"drawMode":0,"name":"Shaded","section":"Shading Mode"},"sceneLighting":false,"audioPlay":false,"sceneViewState":{"showFog":true,"showMaterialUpdate":false,"showSkybox":false,"showFlares":true,"showImageEffects":true,"showParticleSystems":true},"in2DMode":false,"pivot":{"x":-15.964071273803711,"y":2.2468061447143556,"z":6.8940110206604},"rotation":{"x":-0.09838472306728363,"y":0.6495594382286072,"z":-0.08568896353244782,"w":-0.7493491172790527},"size":24.752771377563478,"orthographic":false}