{"cameraMode":{"drawMode":0,"name":"Shaded","section":"Shading Mode"},"sceneLighting":false,"audioPlay":false,"sceneViewState":{"showFog":true,"showMaterialUpdate":false,"showSkybox":false,"showFlares":true,"showImageEffects":true,"showParticleSystems":true},"in2DMode":false,"pivot":{"x":-1.179999589920044,"y":-1.4600002765655518,"z":1.2799997329711915},"rotation":{"x":-0.11964437365531922,"y":0.547973096370697,"z":-0.07985248416662216,"w":-0.8243222236633301},"size":25.698986053466798,"orthographic":false}